sequence,fitness,model_18 Prediction
KKKKKKKKKKKK,12.5,22.11
KSKSKSKSKSKS,17.0,17.56
KHKHKHKHKHKH,12.7,13.94
KGKGKGKGKGKG,10.8,14.59
KSSKSSKSSKSS,13.2,16.04
KGGKGGKGGKGG,11.8,12.09
KSSSKSSSKSSS,13.0,15.28
KGGGKGGGKGGG,12.1,10.84
RRRRRRRRRRRR,22.0,17.4
RSRSRSRSRSRS,12.8,15.2
RGRGRGRGRGRG,17.2,12.24
RHRHRHRHRHRH,5.5,11.59
RTRTRTRTRTRT,18.7,23.85
RTTRTTRTTRTT,16.3,17.9
RTTTRTTTRTTT,18.9,14.93
TTTTTTTTTTTT,6.5,7.08
TKTKTKTKTKTK,14.1,14.59
DTDTDTDTDTDT,2.2,7.08
ETETETETETET,1.7,7.08
TTKTTKTTKTTK,12.6,12.09
DTTDTTDTTDTT,4.0,7.08
ETTETTETTETT,4.4,7.08
TTTKTTTKTTTK,13.8,10.84
DTTTDTTTDTTT,4.0,7.08
ETTTETTTETTT,4.0,7.08
TTTTTKTTTTTK,13.8,9.58
DTTTTTDTTTTT,7.2,7.08
ETTTTTETTTTT,5.9,7.08
DSDSDSDSDSDS,2.5,10.04
DSSSDSSSDSSS,7.0,11.52
DSSSSSDSSSSS,9.1,12.02
KKRKKHKKGKKP,11.9,17.85
KKAKKKGKKHKK,9.9,18.24
KKGKKKGKKHKK,11.3,18.24
KKGKKKGKKPKK,9.3,18.35
MPRRRRSSSRPVRRRRRPRVSRRRRRRGGRRRR,19.0,26.29
DWNNYLYQNLH,0.0,2.08
SYYWLWWHQQI,0.0,4.6
NWNWWGLSYLA,0.0,5.13
NQYSNWNKNYK,6.94,5.19
NENQWHYYWRQ,0.0,2.94
NGTLYLNNYYE,0.0,-0.26
NSSNHSNNMPCQ,14.06,8.45
IRTYLRKRNSTQ,8.03,10.01
GIFKTTKCKHNS,7.61,15.37
SNHKMSECRGLR,5.98,12.13
FNSNKITPTSNM,5.29,9.07
VNSDPSNGQMRD,4.15,11.64
LSNRRGREQYAG,7.08,7.71
QTATENSQMNSG,3.64,7.61
QTEHYENSARNS,1.09,4.71
KDRTSKPKRPWC,8.67,14.1
GRKRGAIWKDTK,12.75,12.56
CCWHNPKWRRTR,18.46,12.91
KYTKTRKQSSKA,22.48,15.76
RGKMPLRWMTRK,17.14,13.22
GNCPMKVCSPMG,8.89,8.28
VNLPMVMPNLRM,4.53,10.37
GPMPMNAKMKLC,5.81,14.82
KVIRYVVAPMKL,8.94,12.2
IKGMNIKMPTDQ,9.95,11.4
MWQMKWTRKTRE,16.24,14.54
HGRKWKRTKFDD,15.49,13.25
RRMVNRTITRMW,15.01,18.74
HWSTCTRTRTLS,17.1,16.11
WWWKPKREDFMK,6.58,11.45
HIKWRLTKGTRT,16.08,13.3
WDRTSTRPSSVL,13.46,11.84
KPWHGCASRTKR,16.19014,12.74
KKRLHWIRWHCG,12.01536,11.09
WFGLQRHLKKKD,19.0715,16.57
CHLKDLRKMGLR,10.1388,16.43
QRHDSHRHGLWL,7.543669,10.99
LELKLGKRPMGW,29.24477,24.47
GQRWLYKMKDSM,11.86265,9.51
MWVKGMKHKKMK,13.23495,12.82
LDHTWGKWGHQS,11.50256,8.61
DKVCKIQKRKWH,12.51172,15.64
MAALLYQHRLARR,3.528221,7.1
KPCKWAGRACAK,16.69529,11.7
CQLAWRPCAKAS,19.532,9.68
QCAGWVQKRQIQ,23.37685,11.99
RRCQAQEFWLGA,9.515134,10.76
GLIEARAMQQCC,2.704976,7.94
QCRAGAMPAMYV,12.05809,6.28
NFLRAQRQCQKQ,18.16368,16.23
AQCCQHRKGYMN,14.69376,6.64
NRVTESVRNVKM,3.683273,9.3
NVVVQRRNHHTS,28.05341,7.83
VINKVISCPCVN,8.109024,7.58
GGRVWEWNVAA,6.08351,11.25
NNKCQVVAAFVM,5.401218,6.84
VLTWSAVNNNVQ,0.0,7.28
NCGVNLVNAVGQ,0.0,11.57
HIAVVNWVNVGH,0.0,8.07
CNNIQGRNNSVW,0.0,8.02
VPNIQVKGSK,4.99326,8.79
PVARKVVQICHP,18.63698,7.84
VTRMTIQVKGSK,30.16713,13.97
MAMADAAAPMNA,6.965346,7.08
MKVAAAMAPKQV,38.66109,11.97
PVVYKTVIQCCD,4.333159,4.64
KVLWRMPAQIIQ,13.51793,13.05
VSVVATGCVWET,14.33556,7.98
AKCKVQSANVCK,37.82153,10.5
VAWVMKAHVCTM,4.201038,6.98
WDWEQKKKWI,31.26163,30.85
ERQEEKIKKW,20.79427,16.34
SDGSKIKDRD,8.630329,10.97
SSDQDRDKWL,16.82505,12.83
LLRLLGLVER,3.037419,8.38
KEEVWLKWLI,13.42497,22.72
KGKLDKDRNL,23.28052,16.93
HDDKNKESDD,7.479407,14.61
QERRDDILWD,2.296864,9.81
KRIIEDDQLE,15.19034,10.97
VCNRIEPLKPIL,21.82239,24.03
LHSSQWLKVDHLL,18.17873,14.93
GNKKNWRWYKNR,14.71334,10.11
ICLKSQPICGID,29.49547,25.96
LWSDIKMKLKKT,49.37196,26.83
NWRDCLSLIVPN,3.179373,8.02
KMGKLIGIPVLK,47.83688,47.88
NDISMCNKNNNW,8.824446,12.13
VSLQCWELGPNK,15.70919,12.26
TVSEPVMMVSVS,7.771304,6.9
PRSWEVKEKETM,18.27337,27.48
PGGVRSNDLLEV,11.18031,12.25
PVNRLGKMSKNR,28.83256,11.38
VGSVKSGNLRMR,26.22986,18.69
TSKSKKRMTAKK,29.83349,18.45
EPSNLPKGMNEK,24.69024,14.59
RLWNSGEGRGEN,12.26758,9.85
ELNTGLVLVNWK,0.0,9.28
RPPMLNVVRVVG,6.489129,12.66
KWVVRPRIRRLL,14.62156,10.94
IGVLRSVKQTVR,28.55074,19.79
VINKVISNPCVN,8.516833,7.58
ETNVRVKVVSES,2.368102,8.52
RLPKRVQGNVEK,30.61573,15.12
GLGNQHVVVLGV,3.528919,8.18
KVRCLVEARPSW,8.194995,11.73
HLVVSPRVSWGC,5.30282,8.39
IIRSPICCVSRV,12.89188,16.32
DKRKIKQKMWWG,19.13841,19.38
RKHHGWRWEQWK,20.00466,15.49
EMRQWKWMWENA,6.580628,14.52
PIKQIAWPIIEH,13.6599,26.44
KMWDWEQKKKWI,24.09143,32.1
ARNRKKIMMRWI,29.01464,15.43
NAPWKHWRIINE,8.898582,9.08
NKQRRMLSRERS,28.52089,19.24
LSQQPRKRATWR,12.60838,11.4
IRRWNDRIRITS,13.90809,11.01
