sequence,fitness,model_18 Prediction,,,,,
LWSDIKMKLKKT,49.37196,26.83,,22.54196,22.54196,,
KMGKLIGIPVLK,47.83688,47.88,,-0.04312,0.04312,,
MKVAAAMAPKQV,38.66109,11.97,,26.69109,26.69109,,
AKCKVQSANVCK,37.82153,10.5,,27.32153,27.32153,,
WDWEQKKKWI,31.26163,30.85,,0.41163,0.41163,,
RLPKRVQGNVEK,30.61573,15.12,,15.49573,15.49573,,
VTRMTIQVKGSK,30.16713,13.97,,16.19713,16.19713,,
TSKSKKRMTAKK,29.83349,18.45,,11.38349,11.38349,,
ICLKSQPICGID,29.49547,25.96,,3.53547,3.53547,,
LELKLGKRPMGW,29.24477,24.47,,4.77477,4.77477,,
ARNRKKIMMRWI,29.01464,15.43,,13.58464,13.58464,,
PVNRLGKMSKNR,28.83256,11.38,,17.45256,17.45256,,
IGVLRSVKQTVR,28.55074,19.79,,8.76074,8.76074,,
NKQRRMLSRERS,28.52089,19.24,,9.28089,9.28089,,
NVVVQRRNHHTS,28.05341,7.83,,20.22341,20.22341,,
VGSVKSGNLRMR,26.22986,18.69,,7.53986,7.53986,,
EPSNLPKGMNEK,24.69024,14.59,,10.10024,10.10024,,
KMWDWEQKKKWI,24.09143,32.1,,-8.00857,8.00857,,
QCAGWVQKRQIQ,23.37685,11.99,,11.38685,11.38685,,
KGKLDKDRNL,23.28052,16.93,,6.35052,6.35052,,
KYTKTRKQSSKA,22.48,15.76,,6.72,6.72,,
RRRRRRRRRRRR,22,17.4,,4.6,4.6,,
VCNRIEPLKPIL,21.82239,24.03,,-2.20761,2.20761,,
ERQEEKIKKW,20.79427,16.34,,4.45427,4.45427,,
RKHHGWRWEQWK,20.00466,15.49,,4.51466,4.51466,,
CQLAWRPCAKAS,19.532,9.68,,9.852,9.852,,
DKRKIKQKMWWG,19.13841,19.38,,-0.24159,0.24159,,
WFGLQRHLKKKD,19.0715,16.57,,2.5015,2.5015,,
MPRRRRSSSRPVRRRRRPRVSRRRRRRGGRRRR,19,26.29,,-7.29,7.29,,
RTTTRTTTRTTT,18.9,14.93,,3.97,3.97,,
RTRTRTRTRTRT,18.7,23.85,,-5.15,5.15,,
PVARKVVQICHP,18.63698,7.84,,10.79698,10.79698,,
CCWHNPKWRRTR,18.46,12.91,,5.55,5.55,,
PRSWEVKEKETM,18.27337,27.48,,-9.20663,9.20663,,
LHSSQWLKVDHLL,18.17873,14.93,,3.24873,3.24873,,
NFLRAQRQCQKQ,18.16368,16.23,,1.93368,1.93368,,
RGRGRGRGRGRG,17.2,12.24,,4.96,4.96,,
RGKMPLRWMTRK,17.14,13.22,,3.92,3.92,,
HWSTCTRTRTLS,17.1,16.11,,0.99,0.99,,
KSKSKSKSKSKS,17,17.56,,-0.56,0.56,,
SSDQDRDKWL,16.82505,12.83,,3.99505,3.99505,,
KPCKWAGRACAK,16.69529,11.7,,4.99529,4.99529,,
RTTRTTRTTRTT,16.3,17.9,,-1.6,1.6,,
MWQMKWTRKTRE,16.24,14.54,,1.7,1.7,,
KPWHGCASRTKR,16.19014,12.74,,3.45014,3.45014,,
HIKWRLTKGTRT,16.08,13.3,,2.78,2.78,,
VSLQCWELGPNK,15.70919,12.26,,3.44919,3.44919,,
HGRKWKRTKFDD,15.49,13.25,,2.24,2.24,,
KRIIEDDQLE,15.19034,10.97,,4.22034,4.22034,,
RRMVNRTITRMW,15.01,18.74,,-3.73,3.73,,
GNKKNWRWYKNR,14.71334,10.11,,4.60334,4.60334,,
AQCCQHRKGYMN,14.69376,6.64,,8.05376,8.05376,,
KWVVRPRIRRLL,14.62156,10.94,,3.68156,3.68156,,
VSVVATGCVWET,14.33556,7.98,,6.35556,6.35556,,
TKTKTKTKTKTK,14.1,14.59,,-0.49,0.49,,
NSSNHSNNMPCQ,14.06,8.45,,5.61,5.61,,
IRRWNDRIRITS,13.90809,11.01,,2.89809,2.89809,,
TTTKTTTKTTTK,13.8,10.84,,2.96,2.96,,
TTTTTKTTTTTK,13.8,9.58,,4.22,4.22,,
PIKQIAWPIIEH,13.6599,26.44,,-12.7801,12.7801,,
KVLWRMPAQIIQ,13.51793,13.05,,0.46793,0.46793,,
WDRTSTRPSSVL,13.46,11.84,,1.62,1.62,,
KEEVWLKWLI,13.42497,22.72,,-9.29503,9.29503,,
MWVKGMKHKKMK,13.23495,12.82,,0.41495,0.41495,,
KSSKSSKSSKSS,13.2,16.04,,-2.84,2.84,,
KSSSKSSSKSSS,13,15.28,,-2.28,2.28,,
IIRSPICCVSRV,12.89188,16.32,,-3.42812,3.42812,,
RSRSRSRSRSRS,12.8,15.2,,-2.4,2.4,,
GRKRGAIWKDTK,12.75,12.56,,0.19,0.19,,
KHKHKHKHKHKH,12.7,13.94,,-1.24,1.24,,
LSQQPRKRATWR,12.60838,11.4,,1.20838,1.20838,,
TTKTTKTTKTTK,12.6,12.09,,0.51,0.51,,
DKVCKIQKRKWH,12.51172,15.64,,-3.12828,3.12828,,
KKKKKKKKKKKK,12.5,22.11,,-9.61,9.61,,
RLWNSGEGRGEN,12.26758,9.85,,2.41758,2.41758,,
KGGGKGGGKGGG,12.1,10.84,,1.26,1.26,,
QCRAGAMPAMYV,12.05809,6.28,,5.77809,5.77809,,
KKRLHWIRWHCG,12.01536,11.09,,0.92536,0.92536,,
KKRKKHKKGKKP,11.9,17.85,,-5.95,5.95,,
GQRWLYKMKDSM,11.86265,9.51,,2.35265,2.35265,,
KGGKGGKGGKGG,11.8,12.09,,-0.29,0.29,,
LDHTWGKWGHQS,11.50256,8.61,,2.89256,2.89256,,
KKGKKKGKKHKK,11.3,18.24,,-6.94,6.94,,
PGGVRSNDLLEV,11.18031,12.25,,-1.06969,1.06969,,
KGKGKGKGKGKG,10.8,14.59,,-3.79,3.79,,
CHLKDLRKMGLR,10.1388,16.43,,-6.2912,6.2912,,
IKGMNIKMPTDQ,9.95,11.4,,-1.45,1.45,,
KKAKKKGKKHKK,9.9,18.24,,-8.34,8.34,,
RRCQAQEFWLGA,9.515134,10.76,,-1.244866,1.244866,,
KKGKKKGKKPKK,9.3,18.35,,-9.05,9.05,,
DSSSSSDSSSSS,9.1,12.02,,-2.92,2.92,,
KVIRYVVAPMKL,8.94,12.2,,-3.26,3.26,,
NAPWKHWRIINE,8.898582,9.08,,-0.181418,0.181418,,
GNCPMKVCSPMG,8.89,8.28,,0.61,0.61,,
NDISMCNKNNNW,8.824446,12.13,,-3.305554,3.305554,,
KDRTSKPKRPWC,8.67,14.1,,-5.43,5.43,,
SDGSKIKDRD,8.630329,10.97,,-2.339671,2.339671,,
VINKVISNPCVN,8.516833,7.58,,0.936833,0.936833,,
KVRCLVEARPSW,8.194995,11.73,,-3.535005,3.535005,,
VINKVISCPCVN,8.109024,7.58,,0.529024,0.529024,,
IRTYLRKRNSTQ,8.03,10.01,,-1.98,1.98,,
TVSEPVMMVSVS,7.771304,6.9,,0.871304,0.871304,,
GIFKTTKCKHNS,7.61,15.37,,-7.76,7.76,,
QRHDSHRHGLWL,7.543669,10.99,,-3.446331,3.446331,,
HDDKNKESDD,7.479407,14.61,,-7.130593,7.130593,,
DTTTTTDTTTTT,7.2,7.08,,0.12,0.12,,
LSNRRGREQYAG,7.08,7.71,,-0.63,0.63,,
DSSSDSSSDSSS,7,11.52,,-4.52,4.52,,
MAMADAAAPMNA,6.965346,7.08,,-0.114654,0.114654,,
NQYSNWNKNYK,6.94,5.19,,1.75,1.75,,
EMRQWKWMWENA,6.580628,14.52,,-7.939372,7.939372,,
WWWKPKREDFMK,6.58,11.45,,-4.87,4.87,,
TTTTTTTTTTTT,6.5,7.08,,-0.58,0.58,,
RPPMLNVVRVVG,6.489129,12.66,,-6.170871,6.170871,,
GGRVWEWNVAA,6.08351,11.25,,-5.16649,5.16649,,
SNHKMSECRGLR,5.98,12.13,,-6.15,6.15,,
ETTTTTETTTTT,5.9,7.08,,-1.18,1.18,,
GPMPMNAKMKLC,5.81,14.82,,-9.01,9.01,,
RHRHRHRHRHRH,5.5,11.59,,-6.09,6.09,,
NNKCQVVAAFVM,5.401218,6.84,,-1.438782,1.438782,,
HLVVSPRVSWGC,5.30282,8.39,,-3.08718,3.08718,,
FNSNKITPTSNM,5.29,9.07,,-3.78,3.78,,
VPNIQVKGSK,4.99326,8.79,,-3.79674,3.79674,,
VNLPMVMPNLRM,4.53,10.37,,-5.84,5.84,,
ETTETTETTETT,4.4,7.08,,-2.68,2.68,,
PVVYKTVIQCCD,4.333159,4.64,,-0.306841,0.306841,,
VAWVMKAHVCTM,4.201038,6.98,,-2.778962,2.778962,,
VNSDPSNGQMRD,4.15,11.64,,-7.49,7.49,,
DTTDTTDTTDTT,4,7.08,,-3.08,3.08,,
DTTTDTTTDTTT,4,7.08,,-3.08,3.08,,
ETTTETTTETTT,4,7.08,,-3.08,3.08,,
NRVTESVRNVKM,3.683273,9.3,,-5.616727,5.616727,,
QTATENSQMNSG,3.64,7.61,,-3.97,3.97,,
GLGNQHVVVLGV,3.528919,8.18,,-4.651081,4.651081,,
MAALLYQHRLARR,3.528221,7.1,,-3.571779,3.571779,,
NWRDCLSLIVPN,3.179373,8.02,,-4.840627,4.840627,,
LLRLLGLVER,3.037419,8.38,,-5.342581,5.342581,,
GLIEARAMQQCC,2.704976,7.94,,-5.235024,5.235024,,
DSDSDSDSDSDS,2.5,10.04,,-7.54,7.54,,
ETNVRVKVVSES,2.368102,8.52,,-6.151898,6.151898,,
QERRDDILWD,2.296864,9.81,,-7.513136,7.513136,,
DTDTDTDTDTDT,2.2,7.08,,-4.88,4.88,,
ETETETETETET,1.7,7.08,,-5.38,5.38,,
QTEHYENSARNS,1.09,4.71,,-3.62,3.62,,
DWNNYLYQNLH,0,2.08,,-2.08,2.08,,
SYYWLWWHQQI,0,4.6,,-4.6,4.6,,
NWNWWGLSYLA,0,5.13,,-5.13,5.13,,
NENQWHYYWRQ,0,2.94,,-2.94,2.94,,
NGTLYLNNYYE,0,-0.26,,0.26,0.26,,
VLTWSAVNNNVQ,0,7.28,,-7.28,7.28,,
NCGVNLVNAVGQ,0,11.57,,-11.57,11.57,,
HIAVVNWVNVGH,0,8.07,,-8.07,8.07,,
CNNIQGRNNSVW,0,8.02,,-8.02,8.02,,
ELNTGLVLVNWK,0,9.28,,-9.28,9.28,,
,,,,,5.082775545,,0.670239729
