pattern,weight,status
NPDGDT,0.77,1.0
TLESGE,3.73,1.0
NAARMN,7.54,1.0
RLNDAM,9.62,1.0
TEGGTD,9.61,1.0
DTGGND,8.16,1.0
EDGDVI,3.18,1.0
GSGKDD,3.51,1.0
NDGDGP,8.14,1.0
CCEDDD,6.97,1.0
LHKDRR,1.32,1.0
KPLPLP,8.72,1.0
QPRMWV,9.54,1.0
NVYTCY,8.77,1.0
LDDDTP,0.88,1.0
DRNRDW,9.19,1.0
DDEDDT,2.98,1.0
SGGDTK,6.31,1.0
DPDKDG,7.87,1.0
TLDAKE,8.47,1.0
NKAKAC,5.48,1.0
NGMKPR,0.82,1.0
CDVDPI,5.06,1.0
TCDNDD,5.84,1.0
NSPQLN,6.97,1.0
LNPPQS,4.96,1.0
STDTAG,2.31,1.0
DDATEG,9.13,1.0
VPKRLV,2.91,1.0
VVMNTC,1.83,1.0
ANNNPW,8.21,1.0
SGMMNG,6.89,1.0
MWVKGM,8.52,1.0
KHKKMK,3.13,1.0
DMMHDK,3.87,1.0
TDCNDT,2.89,1.0
HDDGVG,8.76,1.0
VDGGDG,1.93,1.0
VGQNND,1.85,1.0
ERRRQR,6.44,1.0
VARVDI,0.47,1.0
DLQAIA,8.6,1.0
HLRLNK,7.11,1.0
NRMQKS,8.37,1.0
QLGVHR,8.12,1.0
NPRWNQ,9.6,1.0
CATNAK,9.93,1.0
NNNMRG,2.41,1.0
VNSDPS,3.64,1.0
NGQMRD,0.82,1.0
LEDDID,7.45,1.0
CDNNDF,0.26,1.0
LSNRRG,4.49,1.0
REQYAG,4.26,1.0
QCRAGA,1.75,1.0
MPAMYV,1.87,1.0
VDDSDP,8.5,1.0
DDVKDT,3.27,1.0
DKDGDT,3.9,1.0
IDEREI,3.99,1.0
VITNNW,1.47,1.0
ALAQVR,6.92,1.0
NKDNDD,8.92,1.0
SLEIAE,5.48,1.0
CDEDDE,0.94,1.0
GVKDDD,3.63,1.0
LHSQWL,2.26,1.0
KVDHLL,3.95,1.0
SDDNHS,6.55,1.0
DLGDDL,1.93,1.0
KKKKKK,1.17,1.0
KKKKKK,3.08,1.0
HQWHRH,8.64,1.0
RPPIRR,8.26,1.0
KVDCDD,3.91,1.0
VDRLDS,7.66,1.0
DNPHQL,3.62,1.0
LPVNWR,1.35,1.0
QDTTMM,6.22,1.0
TRLDTM,5.82,1.0
RKHHGW,5.39,1.0
RWEQWK,9.52,1.0
DDDSDE,9.27,1.0
DSTDSH,6.66,1.0
NVVVQR,4.07,1.0
RNHHTS,2.76,1.0
DSDEDT,8.34,1.0
HVDCQE,4.91,1.0
KVIRYV,2.3,1.0
VAPMKL,2.47,1.0
LDNPQE,8.47,1.0
DADDDG,6.64,1.0
DKVCKI,7.44,1.0
QKRKWH,8.66,1.0
PLNIAI,9.91,1.0
SNSPDS,7.4,1.0
IPNWTD,1.34,1.0
QQRKNG,7.84,1.0
DKDGNG,9.64,1.0
YISAAE,6.13,1.0
CKPART,3.33,1.0
DWPPMP,0.57,1.0
GDDEDD,2.23,1.0
QCHQDG,7.21,1.0
IPNWTD,6.55,1.0
KQGTNG,6.47,1.0
LDHTWG,5.01,1.0
KWGHQS,3.63,1.0
PLPDNV,2.94,1.0
VKAVVW,5.26,1.0
YEYEYE,9.39,1.0
YEYEYE,2.97,1.0
CPTDDG,5.21,1.0
HDDHDD,5.75,1.0
PKVVKD,9.98,1.0
MPPWDT,5.85,1.0
VINKVI,2.83,1.0
SNPCVN,5.2,1.0
NSSNHS,7.7,1.0
NNMPCQ,5.46,1.0
NRSMPL,2.84,1.0
PMNPGD,6.23,1.0
IDMTCS,8.37,1.0
MTDDDT,2.66,1.0
CHLKDL,4.07,1.0
RKMGLR,0.53,1.0
EAPMPK,4.8,1.0
VNVIVN,6.57,1.0
WLLDLR,9.13,1.0
RQMDDT,1.42,1.0
QTATEN,7.62,1.0
SQMNSG,4.18,1.0
RDPDKN,4.88,1.0
NRDWPI,8.84,1.0
TIKPRM,3.18,1.0
VKLPSV,2.55,1.0
FEDHSD,4.52,1.0
DTDEDT,8.33,1.0
TCTPTN,0.19,1.0
TLNTMD,6.37,1.0
DAPSFA,0.25,1.0
KVVPNR,4.92,1.0
RPPMLN,0.48,1.0
VVRVVG,6.79,1.0
TISDIV,7.48,1.0
KVVIRS,7.62,1.0
IDCRGT,9.42,1.0
EDDDPN,2.25,1.0
LVKPMN,4.31,1.0
KRWVRM,4.01,1.0
TQDSDD,0.92,1.0
GMEDED,1.79,1.0
WHCDQT,8.59,1.0
DDIDGH,9.21,1.0
MWQMKW,9.22,1.0
TRKTRE,6.39,1.0
EKKDLT,1.05,1.0
GDNDPD,7.03,1.0
KFKLAI,1.28,1.0
PQRVPG,5.44,1.0
GDLVDC,4.41,1.0
DEDCDD,7.44,1.0
RWHHVN,1.0,1.0
VLWQDR,8.83,1.0
PGGVPF,1.43,1.0
RLKMDP,0.24,1.0
IPNWTD,5.31,1.0
KQRTNG,2.94,1.0
KMWDWE,7.28,1.0
QKKKWI,4.64,1.0
KSKSKS,6.45,1.0
KSKSKS,5.39,1.0
CNDDTA,7.47,1.0
GECTND,2.4,1.0
NQHTPP,7.22,1.0
KPLNNA,3.62,1.0
DPDKDG,0.08,1.0
TIDLKE,6.26,1.0
NDGGDP,8.55,1.0
MADNDN,2.8,1.0
KSSKSS,7.19,1.0
KSSKSS,5.77,1.0
KVNFNK,4.79,1.0
AVSNLK,1.34,1.0
WFGLQR,5.38,1.0
HLKKKD,7.74,1.0
PVARKV,8.77,1.0
VQICHP,8.18,1.0
VKKYVT,9.68,1.0
PGAPVY,9.84,1.0
MKVAAA,2.22,1.0
MAPKQV,8.72,1.0
GNKKNW,5.96,1.0
RWYKNR,4.19,1.0
DSDEDV,3.72,1.0
HDTEWV,9.59,1.0
AACPNL,1.88,1.0
AVAAPM,2.45,1.0
VCNRIE,2.0,1.0
PLKPIL,5.45,1.0
RDDETL,4.09,1.0
DTLDSG,6.67,1.0
TNAGTM,6.03,1.0
CTTNTD,1.47,1.0
MAMADA,9.95,1.0
AAPMNA,3.36,1.0
KPWHGC,3.48,1.0
ASRTKR,7.25,1.0
IRNWPD,9.38,1.0
KQRANG,1.36,1.0
VCEDHD,0.81,1.0
PNDSHI,4.53,1.0
CCWHNP,4.44,1.0
KWRRTR,5.9,1.0
