peptide sequences,MTRasym (%)
KKKKKKKKKKKK,10.51
QSCKLKKLQSLK,6.51
QSLKQSIKKLKK,5.72
QSLKSWIEKLKK,7.2
ICKLDKRIKKLK,8.96
QSVQDKLKKRII,4.36
QDGSKKSLKSCK,17.59
LFHDIEKQLKHA,7.01
TQHEVQSEKRGW,9.86
SEVEKPFWEQDK,6.14
MKVAAAMAPKQV,10.08
KMWDWEQKKKWI,4.15
RLPKRVQGNVEK,13.19
VTRMTIQVKGSK,15.74
AKCKVQSANVCK,14.25
PVNRLGKMSKNR,25.03
WDWEQKKKWI,5.8
LELKLGKRPMGW,9.8
KGKLDKDRNL,9.67
ARNRKKIMMRWI,14.98
ERQEEKIKKW,6.9
IGVLRSVKQTVR,17.62
EPSNLPKGMNEK,14.1
KMGKLIGIPVLK,8.06
TSKSKKRMTAKK,21.19
LWSDIKMKLKKT,7.36
ICLKSQPICGID,7.52
