peptide sequences,MTRasym (%),status
KKKKKKKKKKKK,10.51,x
QSCKLKKLQSLK,6.51,Poet-Regex
QSLKQSIKKLKK,5.72,Poet-Regex
QSLKSWIEKLKK,7.2,Poet-Regex
ICKLDKRIKKLK,8.96,Poet-Regex
QSVQDKLKKRII,4.36,Poet-Regex
QDGSKKSLKSCK,17.59,Poet-Regex
LFHDIEKQLKHA,7.01,Poet-Regex
TQHEVQSEKRGW,9.86,Poet-Regex
SEVEKPFWEQDK,6.14,Poet-Regex
LWSDIKMKLKKT,6.69,duplicate
KMGKLIGIPVLK,6.47,duplicate
MKVAAAMAPKQV,10.08,
KMWDWEQKKKWI,4.15,
RLPKRVQGNVEK,13.19,
VTRMTIQVKGSK,15.74,
AKCKVQSANVCK,14.25,
PVNRLGKMSKNR,25.03,
WDWEQKKKWI,5.8,
LELKLGKRPMGW,9.8,
KGKLDKDRNL,9.67,
ARNRKKIMMRWI,14.98,
ERQEEKIKKW,6.9,
EPSNLPKGMNEK,9.19,duplicate
TSKSKKRMTAKK,17.76,duplicate
IGVLRSVKQTV,14.39,close
IGVLRSVKQTVR,17.62,close
EPSNLPKGMNEK,14.1,duplicate
KMGKLIGIPVLK,8.06,duplicate
TSKSKKRMTAKK,21.19,duplicate
LWSDIKMKLKKT,7.36,duplicate
KKKKKKKKKKKK,15.73,duplicate
ICLKSQPICGID,7.52,
