;fitness
AOHNAPAPAPPH;49.37196
PASPAASASAAP;47.83688
APAAAAAASPHA;38.66109
APCPAHHAHACP;37.82153
PAONONHPPPOA;34.11149
ONONHPPPOA;31.26163
PASPPAHSHANP;30.61573
AHPAHAHAPSHP;30.16713
HHPHPPPAHAPP;29.83349
ACAPHHSACSAN;29.49547
ANAPASPPSASO;29.24477
APHPPPAAAPOA;29.01464
SAHPASPAHPHP;28.83256
ASAAPHAPHHAP;28.55074
HPHPPAAHPNPH;28.52089
HAAAHPPHPPHH;28.05341
ASHAPHSHAPAP;26.22986
NSHHASPSAHNP;24.69024
HCASOAHPPHAH;23.37685
PSPANPNPHA;23.28052
POHPHPPHHHPA;22.48
PPPPPPPPPPPP;22
ACHPANSAPSAA;21.82239
NPHNNPAPPO;20.79427
CHAAOPSCAPAH;19.532
OOSAHPPAPPPN;19.0715
PHHHPHHHPHHH;18.9
PHPHPHPHPHPH;18.7
SAAPPAAHACPS;18.63698
CCOPHSPOPPHP;18.46
SPHONAPNPNHA;18.27337
HOAPAHPHCHPH;18.16368
PSPSPSPSPSPS;17.2
PSPASAPOAHPP;17.14
POHHCHPHPHAH;17.1
PHPHPHPHPHPH;17
HHNHNPNPOA;16.82505
PSCPOASPACAP;16.69529
PHHPHHPHHPHH;16.3
AOHAPOHPPHPN;16.24
PSOPSCAHPHPP;16.19014
PAPOPAHPSHPH;16.08
AHAHCONASSHP;15.70919
PSPPOPPHPONN;15.49
PPAANNNHAN;15.19034
PPAAHPHAHPAO;15.01
SHPPHOPOOPHP;14.71334
AHCCHPPPSOAH;14.69376
POAAPSPAPPAA;14.62156
AHAAAHSCAONH;14.33556
HPHPHPHPHPHP;14.1
HHHHPHHHASCH;14.06
APPOHNPAPAHH;13.90809
HHHPHHHPHHHP;13.8
HHHHHPHHHHHP;13.8
SAPHAAOSAANP;13.6599
PPPPSOPONHOP;13.59362
PAAOPASAHAAH;13.51793
ONPHHHPSHHAA;13.46
PNNAOAPOAA;13.42497
AOAPSAPPPPAP;13.23495
PHHPHHPHHPHH;13.2
PHHHPHHHPHHH;13
AAPHSACCAHPA;12.89188
PHPHPHPHPHPH;12.8
SPPPSAAOPNHP;12.75
PPPPPPPPPPPP;12.7
AHHHSPPPAHOP;12.60838
HHPHHPHHPHHP;12.6
NPACPAHPPPOP;12.51172
PPPPPPPPPPPP;12.5
PAOHHSNSPSNH;12.26758
PSSSPSSSPSSS;12.1
HCPASAASAAOA;12.05809
PPPAPOAPOPCS;12.01536
PPPPPPPPSPPS;11.9
SHPOAOPAPNHA;11.86265
PSSPSSPSSPSS;11.8
ANPHOSPOSPHH;11.50256
PPSPPPSPPPPP;11.3
SSSAPHHNAANA;11.18031
NPPPAPHPAOOS;10.86
PSPSPSPSPSPS;10.8
CPAPNAPPASAP;10.1388
APSAHAPASHNH;9.95
PPAPPPSPPPPP;9.9
PPCHAHNOOASA;9.515134
PPSPPPSPPSPP;9.3
NHHHHHNHHHHH;9.1
PAAPOAAASAPA;8.94
HASOPPOPAAHN;8.898582
SHCSAPACHSAS;8.89
HNAHACHPHHHO;8.824446
PNPHHPSPPSOC;8.67
HNSHPAPNPN;8.630329
PAPCAANAPSHO;8.194995
AAHPAAHCSCAH;8.109024
AAHPAAHHSCAH;8.107188
APHOAPPPHHHH;8.03
HAHNSAAAAHAH;7.771304
SAOPHHPCPPHH;7.61
HPPNHPPPSAOA;7.543669
PNNPHPNHNN;7.479407
NHHHHHNHHHHH;7.2
AHHPPSPNHOAS;7.08
NHHHNHHHNHHH;7
AAAANAAASAHA;6.965346
HHOHHOHPHOP;6.94
NAPHOPOAONHA;6.580628
OOOPSPPNNOAP;6.58
HHHHHHHHHHHH;6.5
PSSAAHAAPAAS;6.489129
SSPAONOHAAA;6.08351
HHPPAHNCPSAP;5.98
NHHHHHNHHHHH;5.9
SSASAHAPAPAC;5.81
NHHAPAPAAHNH;5.707696
PPPPPPPPPPPP;5.5
HHPCHAAAAOAA;5.401218
PAAAHSPAHOSC;5.30282
OHHHPAHSHHHA;5.29
ASHAHAPSHP;4.99326
AHASAAASHAPA;4.53
NHHNHHNHHNHH;4.4
SAAOPHAAHCCN;4.333159
AAOAAPAPACHA;4.201038
AHHNSHHSHAPN;4.15
NHHNHHNHHNHH;4
NHHHNHHHNHHH;4
NHHHNHHHNHHH;4
HPAHNHAPHAPA;3.683273
HHAHNHHHAHHS;3.64
SASHHPAAAASA;3.528919
HOPNCAHAAASH;3.179373
AAPAASAANP;3.037419
SAANAPAAHHCC;2.704976
NHNHNHNHNHNH;2.5
HNPPNNAAON;2.296864
NHNHNHNHNHNH;2.2
NHNHNHNHNHNH;1.7
HHNPONHHAPHH;1.09
